30002,Avondale Estates
30003,Norcross
30004,Alpharetta
30005,Alpharetta
30006,Marietta
30007,Marietta
30008,Marietta
30009,Alpharetta
30010,Norcross
30011,Auburn
30012,Conyers
30013,Conyers
30014,Covington
30015,Covington
30016,Covington
30017,Grayson
30018,Jersey
30019,Dacula
30021,Clarkston
30022,Alpharetta
30023,Alpharetta
30024,Suwanee
30025,Social Circle
30026,North Metro
30028,Cumming
30029,North Metro
30030,Decatur
30031,Decatur
30032,Decatur
30033,Decatur
30034,Decatur
30035,Decatur
30036,Decatur
30037,Decatur
30038,Lithonia
30039,Snellville
30040,Cumming
30041,Cumming
30042,Lawrenceville
30043,Lawrenceville
30044,Lawrenceville
30045,Lawrenceville
30046,Lawrenceville
30047,Lilburn
30048,Lilburn
30049,Lawrenceville
30052,Loganville
30054,Oxford
30055,Mansfield
30056,Newborn
30058,Lithonia
30060,Marietta
30061,Marietta
30062,Marietta
30063,Marietta
30064,Marietta
30065,Marietta
30066,Marietta
30067,Marietta
30068,Marietta
30069,Marietta
30070,Porterdale
30071,Norcross
30072,Pine Lake
30073,Decatur
30074,Redan
30075,Roswell
30076,Roswell
30077,Roswell
30078,Snellville
30079,Scottdale
30080,Smyrna
30081,Smyrna
30082,Smyrna
30083,Stone Mountain
30084,Tucker
30085,Tucker
30086,Stone Mountain
30087,Stone Mountain
30088,Stone Mountain
30090,Marietta
30091,Norcross
30092,Norcross
30093,Norcross
30094,Conyers
30095,Duluth
30096,Duluth
30097,Duluth
30098,Duluth
30099,Duluth
30101,Acworth
30102,Acworth
30103,Adairsville
30104,Aragon
30105,Armuchee
30106,Austell
30107,Ball Ground
30108,Bowdon
30109,Bowdon Junction
30110,Bremen
30111,Clarkdale
30112,Carrollton
30113,Buchanan
30114,Canton
30115,Canton
30116,Carrollton
30117,Carrollton
30118,Carrollton
30119,Carrollton
30120,Cartersville
30121,Cartersville
30122,Lithia Springs
30123,Cassville
30124,Cave Spring
30125,Cedartown
30126,Mableton
30127,Powder Springs
30129,Coosa
30132,Dallas
30133,Douglasville
30134,Douglasville
30135,Douglasville
30137,Emerson
30138,Esom Hill
30139,Fairmount
30140,Felton
30141,Hiram
30142,Holly Springs
30143,Jasper
30144,Kennesaw
30145,Kingston
30146,Lebanon
30147,Lindale
30148,Marble Hill
30149,Mount Berry
30150,Mount Zion
30151,Nelson
30152,Kennesaw
30153,Rockmart
30154,Douglasville
30156,Kennesaw
30157,Dallas
30160,Kennesaw
30161,Rome
30162,Rome
30163,Rome
30164,Rome
30165,Rome
30168,Austell
30169,Canton
30170,Roopville
30171,Rydal
30172,Shannon
30173,Silver Creek
30175,Talking Rock
30176,Tallapoosa
30177,Tate
30178,Taylorsville
30179,Temple
30180,Villa Rica
30182,Waco
30183,Waleska
30184,White
30185,Whitesburg
30187,Winston
30188,Woodstock
30189,Woodstock
30204,Barnesville
30205,Brooks
30206,Concord
30212,Experiment
30213,Fairburn
30214,Fayetteville
30215,Fayetteville
30216,Flovilla
30217,Franklin
30218,Gay
30219,Glenn
30220,Grantville
30222,Greenville
30223,Griffin
30224,Griffin
30228,Hampton
30229,Haralson
30230,Hogansville
30233,Jackson
30234,Jenkinsburg
30236,Jonesboro
30237,Jonesboro
30238,Jonesboro
30240,Lagrange
30241,Lagrange
30248,Locust Grove
30250,Lovejoy
30251,Luthersville
30252,Mcdonough
30253,Mcdonough
30256,Meansville
30257,Milner
30258,Molena
30259,Moreland
30260,Morrow
30261,Lagrange
30263,Newnan
30264,Newnan
30265,Newnan
30266,Orchard Hill
30268,Palmetto
30269,Peachtree City
30270,Peachtree City
30271,Newnan
30272,Red Oak
30273,Rex
30274,Riverdale
30275,Sargent
30276,Senoia
30277,Sharpsburg
30281,Stockbridge
30284,Sunny Side
30285,The Rock
30286,Thomaston
30287,Morrow
30288,Conley
30289,Turin
30290,Tyrone
30291,Union City
30292,Williamson
30293,Woodbury
30294,Ellenwood
30295,Zebulon
30296,Riverdale
30297,Forest Park
30298,Forest Park
30301,Atlanta
30302,Atlanta
30303,Atlanta
30304,Atlanta
30305,Atlanta
30306,Atlanta
30307,Atlanta
30308,Atlanta
30309,Atlanta
30310,Atlanta
30311,Atlanta
30312,Atlanta
30313,Atlanta
30314,Atlanta
30315,Atlanta
30316,Atlanta
30317,Atlanta
30318,Atlanta
30319,Atlanta
30320,Atlanta
30321,Atlanta
30322,Atlanta
30324,Atlanta
30325,Atlanta
30326,Atlanta
30327,Atlanta
30328,Atlanta
30329,Atlanta
30330,Atlanta
30331,Atlanta
30332,Atlanta
30333,Atlanta
30334,Atlanta
30336,Atlanta
30337,Atlanta
30338,Atlanta
30339,Atlanta
30340,Atlanta
30341,Atlanta
30342,Atlanta
30343,Atlanta
30344,Atlanta
30345,Atlanta
30346,Atlanta
30347,Atlanta
30348,Atlanta
30349,Atlanta
30350,Atlanta
30353,Atlanta
30354,Atlanta
30355,Atlanta
30356,Atlanta
30357,Atlanta
30358,Atlanta
30359,Atlanta
30360,Atlanta
30361,Atlanta
30362,Atlanta
30363,Atlanta
30364,Atlanta
30366,Atlanta
30368,Atlanta
30369,Atlanta
30370,Atlanta
30371,Atlanta
30374,Atlanta
30375,Atlanta
30376,Atlanta
30377,Atlanta
30378,Atlanta
30379,Atlanta
30380,Atlanta
30384,Atlanta
30385,Atlanta
30386,Atlanta
30387,Atlanta
30388,Atlanta
30389,Atlanta
30390,Atlanta
30392,Atlanta
30394,Atlanta
30396,Atlanta
30398,Atlanta
30399,Atlanta
30401,Swainsboro
30410,Ailey
30411,Alamo
30412,Alston
30413,Bartow
30414,Bellville
30415,Brooklet
30417,Claxton
30420,Cobbtown
30421,Collins
30423,Daisy
30424,Dover
30425,Garfield
30426,Girard
30427,Glennville
30428,Glenwood
30429,Hagan
30434,Louisville
30436,Lyons
30438,Manassas
30439,Metter
30441,Midville
30442,Millen
30445,Mount Vernon
30446,Newington
30447,Norristown
30448,Nunez
30449,Oliver
30450,Portal
30451,Pulaski
30452,Register
30453,Reidsville
30454,Rockledge
30455,Rocky Ford
30456,Sardis
30457,Soperton
30458,Statesboro
30459,Statesboro
30460,Statesboro
30461,Statesboro
30464,Stillmore
30467,Sylvania
30470,Tarrytown
30471,Twin City
30473,Uvalda
30474,Vidalia
30475,Vidalia
30477,Wadley
30499,Reidsville
30501,Gainesville
30502,Chestnut Mountain
30503,Gainesville
30504,Gainesville
30506,Gainesville
30507,Gainesville
30510,Alto
30511,Baldwin
30512,Blairsville
30513,Blue Ridge
30514,Blairsville
30515,Buford
30516,Bowersville
30517,Braselton
30518,Buford
30519,Buford
30520,Canon
30521,Carnesville
30522,Cherry Log
30523,Clarkesville
30525,Clayton
30527,Clermont
30528,Cleveland
30529,Commerce
30530,Commerce
30531,Cornelia
30533,Dahlonega
30534,Dawsonville
30535,Demorest
30536,Ellijay
30537,Dillard
30538,Eastanollee
30539,East Ellijay
30540,Ellijay
30541,Epworth
30542,Flowery Branch
30543,Gillsville
30544,Habersham
30545,Helen
30546,Hiawassee
30547,Homer
30548,Hoschton
30549,Jefferson
30552,Lakemont
30553,Lavonia
30554,Lula
30555,Mc Caysville
30557,Martin
30558,Maysville
30559,Mineral Bluff
30560,Morganton
30562,Mountain City
30563,Mount Airy
30564,Murrayville
30565,Nicholson
30566,Oakwood
30567,Pendergrass
30568,Rabun Gap
30571,Sautee Nacoochee
30572,Suches
30573,Tallulah Falls
30575,Talmo
30576,Tiger
30577,Toccoa
30580,Turnerville
30581,Wiley
30582,Young Harris
30596,Alto
30597,Dahlonega
30598,Toccoa Falls
30599,Commerce
30601,Athens
30602,Athens
30603,Athens
30604,Athens
30605,Athens
30606,Athens
30607,Athens
30608,Athens
30609,Athens
30612,Athens
30619,Arnoldsville
30620,Bethlehem
30621,Bishop
30622,Bogart
30623,Bostwick
30624,Bowman
30625,Buckhead
30627,Carlton
30628,Colbert
33188,Miami
33189,Miami
33190,Miami
33193,Miami
33194,Miami
33195,Miami
33196,Miami
33197,Miami
33199,Miami
33206,Miami
33222,Miami
33231,Miami
33233,Miami
33234,Miami
33238,Miami
33239,Miami Beach
33242,Miami
33243,Miami
33245,Miami
33247,Miami
33255,Miami
33256,Miami
33257,Miami
33261,Miami
33265,Miami
33266,Miami
33269,Miami
33280,Miami
33283,Miami
33296,Miami
33299,Miami
33301,Fort Lauderdale
33302,Fort Lauderdale
33303,Fort Lauderdale
33304,Fort Lauderdale
33305,Fort Lauderdale
33306,Fort Lauderdale
33307,Fort Lauderdale
33308,Fort Lauderdale
33309,Fort Lauderdale
33310,Fort Lauderdale
33311,Fort Lauderdale
33312,Fort Lauderdale
33313,Fort Lauderdale
33314,Fort Lauderdale
33315,Fort Lauderdale
33316,Fort Lauderdale
33317,Fort Lauderdale
33318,Fort Lauderdale
33319,Fort Lauderdale
33320,Fort Lauderdale
33321,Fort Lauderdale
33322,Fort Lauderdale
33323,Fort Lauderdale
33324,Fort Lauderdale
33325,Fort Lauderdale
33326,Fort Lauderdale
33327,Fort Lauderdale
33328,Fort Lauderdale
33329,Fort Lauderdale
33330,Fort Lauderdale
33331,Fort Lauderdale
33332,Fort Lauderdale
33334,Fort Lauderdale
33335,Fort Lauderdale
33336,Fort Lauderdale
33337,Fort Lauderdale
33338,Fort Lauderdale
33339,Fort Lauderdale
33340,Fort Lauderdale
33345,Fort Lauderdale
33346,Fort Lauderdale
33348,Fort Lauderdale
33349,Fort Lauderdale
33351,Fort Lauderdale
33355,Fort Lauderdale
33359,Fort Lauderdale
33388,Plantation
33394,Fort Lauderdale
33401,West Palm Beach
33402,West Palm Beach
33403,West Palm Beach
33404,West Palm Beach
33405,West Palm Beach
33406,West Palm Beach
33407,West Palm Beach
33408,North Palm Beach
33409,West Palm Beach
33410,Palm Beach Gardens
33411,West Palm Beach
33412,West Palm Beach
33413,West Palm Beach
33414,Wellington
33415,West Palm Beach
33416,West Palm Beach
33417,West Palm Beach
33418,Palm Beach Gardens
33419,West Palm Beach
33420,West Palm Beach
33421,Royal Palm Beach
33422,West Palm Beach
33424,Boynton Beach
33425,Boynton Beach
33426,Boynton Beach
33427,Boca Raton
33428,Boca Raton
33429,Boca Raton
33430,Belle Glade
33431,Boca Raton
33432,Boca Raton
33433,Boca Raton
33434,Boca Raton
33435,Boynton Beach
33436,Boynton Beach
33437,Boynton Beach
33438,Canal Point
33439,Canal Point
33440,Clewiston
33441,Deerfield Beach
33442,Deerfield Beach
33443,Deerfield Beach
33444,Delray Beach
33445,Delray Beach
33446,Delray Beach
33447,Delray Beach
33448,Delray Beach
33449,Lake Worth
33454,Greenacres
33455,Hobe Sound
33458,Jupiter
33459,Lake Harbor
33460,Lake Worth
33461,Lake Worth
33462,Lake Worth
33463,Lake Worth
33464,Boca Raton
33465,Lake Worth
33466,Lake Worth
33467,Lake Worth
33468,Jupiter
33469,Jupiter
33470,Loxahatchee
33471,Moore Haven
33472,Boynton Beach
33473,Boynton Beach
33474,Boynton Beach
33475,Hobe Sound
33476,Pahokee
33477,Jupiter
33478,Jupiter
33480,Palm Beach
33481,Boca Raton
33482,Delray Beach
33483,Delray Beach
33484,Delray Beach
33486,Boca Raton
33487,Boca Raton
33488,Boca Raton
33493,South Bay
33496,Boca Raton
33497,Boca Raton
33498,Boca Raton
33499,Boca Raton
33503,Balm
33508,Brandon
33509,Brandon
33510,Brandon
33511,Brandon
33513,Bushnell
33514,Center Hill
33521,Coleman
33523,Dade City
33524,Crystal Springs
33525,Dade City
33526,Dade City
33527,Dover
33530,Durant
33534,Gibsonton
33537,Lacoochee
33538,Lake Panasoffkee
33539,Zephyrhills
33540,Zephyrhills
33541,Zephyrhills
33542,Zephyrhills
33543,Wesley Chapel
33544,Wesley Chapel
33545,Wesley Chapel
33547,Lithia
33548,Lutz
33549,Lutz
33550,Mango
33556,Odessa
33558,Lutz
33559,Lutz
33563,Plant City
33564,Plant City
33565,Plant City
33566,Plant City
33567,Plant City
33568,Riverview
33569,Riverview
33570,Ruskin
33571,Sun City Center
33572,Apollo Beach
33573,Sun City Center
33574,Saint Leo
33575,Ruskin
33576,San Antonio
33578,Riverview
33579,Riverview
33583,Seffner
33584,Seffner
33585,Sumterville
33586,Sun City
33587,Sydney
33592,Thonotosassa
33593,Trilby
33594,Valrico
33595,Valrico
33596,Valrico
33597,Webster
33598,Wimauma
33601,Tampa
33602,Tampa
33603,Tampa
33604,Tampa
33605,Tampa
33606,Tampa
33607,Tampa
33608,Tampa
33609,Tampa
33610,Tampa
33611,Tampa
33612,Tampa
33613,Tampa
33614,Tampa
33615,Tampa
33616,Tampa
33617,Tampa
33618,Tampa
33619,Tampa
33620,Tampa
33621,Tampa
33622,Tampa
33623,Tampa
33624,Tampa
33625,Tampa
33626,Tampa
33629,Tampa
33630,Tampa
33631,Tampa
33633,Tampa
33634,Tampa
33635,Tampa
33637,Tampa
33646,Tampa
33647,Tampa
33650,Tampa
33651,Tampa
33655,Tampa
33660,Tampa
33661,Tampa
33662,Tampa
33663,Tampa
33664,Tampa
33672,Tampa
33673,Tampa
33674,Tampa
33675,Tampa
33677,Tampa
33679,Tampa
33680,Tampa
33681,Tampa
33682,Tampa
33684,Tampa
33685,Tampa
33686,Tampa
33687,Tampa
33688,Tampa
33689,Tampa
33690,Tampa
33694,Tampa
33701,Saint Petersburg
33702,Saint Petersburg
33703,Saint Petersburg
33704,Saint Petersburg
33705,Saint Petersburg
33706,Saint Petersburg
33707,Saint Petersburg
33708,Saint Petersburg
33709,Saint Petersburg
33710,Saint Petersburg
33711,Saint Petersburg
33712,Saint Petersburg
33713,Saint Petersburg
33714,Saint Petersburg
33715,Saint Petersburg
33716,Saint Petersburg
33729,Saint Petersburg
33730,Saint Petersburg
33731,Saint Petersburg
33732,Saint Petersburg
33733,Saint Petersburg
33734,Saint Petersburg
33736,Saint Petersburg
33737,Saint Petersburg
33738,Saint Petersburg
33740,Saint Petersburg
33741,Saint Petersburg
33742,Saint Petersburg
33743,Saint Petersburg
33744,Bay Pines
33747,Saint Petersburg
33755,Clearwater
33756,Clearwater
33757,Clearwater
33758,Clearwater
33759,Clearwater
33760,Clearwater
33761,Clearwater
33762,Clearwater
33763,Clearwater
33764,Clearwater
33765,Clearwater
33766,Clearwater
33767,Clearwater Beach
33769,Clearwater
33770,Largo
33771,Largo
33772,Seminole
33773,Largo
33774,Largo
33775,Seminole
33776,Seminole
33777,Seminole
33778,Largo
33779,Largo
33780,Pinellas Park
33781,Pinellas Park
33782,Pinellas Park
33784,Saint Petersburg
33785,Indian Rocks Beach
33786,Belleair Beach
33801,Lakeland
33802,Lakeland
33803,Lakeland
33804,Lakeland
33805,Lakeland
33806,Lakeland
33807,Lakeland
33809,Lakeland
33810,Lakeland
33811,Lakeland
33812,Lakeland
33813,Lakeland
33815,Lakeland
33820,Alturas
33823,Auburndale
33825,Avon Park
33826,Avon Park
33827,Babson Park
33830,Bartow
33831,Bartow
33834,Bowling Green
33835,Bradley
33836,Davenport
33837,Davenport
33838,Dundee
33839,Eagle Lake
33840,Eaton Park
33841,Fort Meade
33843,Frostproof
33844,Haines City
33845,Haines City
33846,Highland City
33847,Homeland
33848,Intercession City
33849,Kathleen
33850,Lake Alfred
33851,Lake Hamilton
33852,Lake Placid
33853,Lake Wales
33854,Lakeshore
33855,Indian Lake Estates
33856,Nalcrest
33857,Lorida
33858,Loughman
33859,Lake Wales
33860,Mulberry
33862,Lake Placid
33863,Nichols
33865,Ona
33867,River Ranch
33868,Polk City
33870,Sebring
33871,Sebring
33872,Sebring
33873,Wauchula
33875,Sebring
33876,Sebring
33877,Waverly
33880,Winter Haven
33881,Winter Haven
33882,Winter Haven
33883,Winter Haven
33884,Winter Haven
33885,Winter Haven
33888,Winter Haven
33890,Zolfo Springs
33896,Davenport
33897,Davenport
33898,Lake Wales
33900,Fort Myers
33901,Fort Myers
33902,Fort Myers
33903,North Fort Myers
33904,Cape Coral
33905,Fort Myers
33906,Fort Myers
33907,Fort Myers
33908,Fort Myers
33909,Cape Coral
33910,Cape Coral
33911,Fort Myers
33912,Fort Myers
33913,Fort Myers
33914,Cape Coral
33915,Cape Coral
33916,Fort Myers
33917,North Fort Myers
33918,North Fort Myers
33919,Fort Myers
33920,Alva
33921,Boca Grande
33922,Bokeelia
33924,Captiva
33927,El Jobean
33928,Estero
33929,Estero
33930,Felda
33931,Fort Myers Beach
33932,Fort Myers Beach
33935,Labelle
33936,Lehigh Acres
33938,Murdock
33944,Palmdale
33945,Pineland
33946,Placida
33947,Rotonda West
33948,Port Charlotte
33949,Port Charlotte
33950,Punta Gorda
33951,Punta Gorda
33952,Port Charlotte
33953,Port Charlotte
33954,Port Charlotte
33955,Punta Gorda
33956,Saint James City
33957,Sanibel
33960,Venus
33965,Fort Myers
33966,Fort Myers
33967,Fort Myers
33970,Lehigh Acres
33971,Lehigh Acres
33972,Lehigh Acres
33973,Lehigh Acres
33974,Lehigh Acres
33975,Labelle
33976,Lehigh Acres
33980,Punta Gorda
33981,Port Charlotte
33982,Punta Gorda
33983,Punta Gorda
33990,Cape Coral
33991,Cape Coral
33993,Cape Coral
33994,Fort Myers
34001,Apo
34002,Dpo
34004,Dpo
34006,Apo
34007,Fpo
34008,Dpo
34009,Apo
34010,Apo
34011,Dpo
34020,Dpo
34021,Dpo
34022,Dpo
34023,Dpo
34024,Dpo
34025,Dpo
34030,Dpo
34031,Dpo
34032,Dpo
34033,Dpo
34034,Dpo
34035,Dpo
34036,Dpo
34037,Dpo
34038,Apo
34039,Dpo
34041,Dpo
34042,Apo
34043,Apo
34050,Fpo
34055,Dpo
34058,Fpo
34060,Dpo
34071,Apo
34076,Apo
34078,Apo
34079,Fpo
34090,Fpo
34091,Fpo
34092,Fpo
34093,Fpo
34095,Fpo
34098,Fpo
34099,Fpo
34101,Naples
34102,Naples
34103,Naples
34104,Naples
34105,Naples
34106,Naples
34107,Naples
34108,Naples
34109,Naples
34110,Naples
34112,Naples
34113,Naples
34114,Naples
34116,Naples
34117,Naples
34119,Naples
34120,Naples
34133,Bonita Springs
34134,Bonita Springs
34135,Bonita Springs
34136,Bonita Springs
34137,Copeland
34138,Chokoloskee
34139,Everglades City
34140,Goodland
34141,Ochopee
34142,Immokalee
34143,Immokalee
34145,Marco Island
34146,Marco Island
34201,Bradenton
34202,Bradenton
34203,Bradenton
34204,Bradenton
34205,Bradenton
34206,Bradenton
34207,Bradenton
34208,Bradenton
34209,Bradenton
34210,Bradenton
34211,Bradenton
34212,Bradenton
34215,Cortez
34216,Anna Maria
34217,Bradenton Beach
34218,Holmes Beach
34219,Parrish
34220,Palmetto
34221,Palmetto
34222,Ellenton
34223,Englewood
34224,Englewood
34228,Longboat Key
34229,Osprey
34230,Sarasota
34231,Sarasota
34232,Sarasota
34233,Sarasota
34234,Sarasota
34235,Sarasota
34236,Sarasota
34237,Sarasota
34238,Sarasota
34239,Sarasota
34240,Sarasota
34241,Sarasota
34242,Sarasota
34243,Sarasota
34250,Terra Ceia
34251,Myakka City
34260,Sarasota
34264,Oneco
34265,Arcadia
34266,Arcadia
34267,Fort Ogden
34268,Nocatee
34269,Arcadia
34270,Tallevast
34272,Laurel
34274,Nokomis
34275,Nokomis
34276,Sarasota
34277,Sarasota
34278,Sarasota
34280,Bradenton
34281,Bradenton
34282,Bradenton
34284,Venice
34285,Venice
34286,North Port
34287,North Port
34288,North Port
34289,North Port
34290,North Port
34291,North Port
34292,Venice
34293,Venice
34295,Englewood
34420,Belleview
34421,Belleview
34423,Crystal River
34428,Crystal River
34429,Crystal River
34430,Dunnellon
34431,Dunnellon
34432,Dunnellon
34433,Dunnellon
34434,Dunnellon
34436,Floral City
34442,Hernando
34445,Holder
34446,Homosassa
34447,Homosassa Springs
34448,Homosassa
34449,Inglis
34450,Inverness
34451,Inverness
34452,Inverness
34453,Inverness
34460,Lecanto
34461,Lecanto
34464,Beverly Hills
34465,Beverly Hills
34470,Ocala
34471,Ocala
34472,Ocala
34473,Ocala
34474,Ocala
34475,Ocala
34476,Ocala
34477,Ocala
34478,Ocala
34479,Ocala
34480,Ocala
34481,Ocala
34482,Ocala
34483,Ocala
34484,Oxford
34487,Homosassa
34488,Silver Springs
34489,Silver Springs
34491,Summerfield
34492,Summerfield
34498,Yankeetown
34601,Brooksville
34602,Brooksville
34603,Brooksville
34604,Brooksville
34605,Brooksville
34606,Spring Hill
34607,Spring Hill
34608,Spring Hill
34609,Spring Hill
34610,Spring Hill
34611,Spring Hill
34613,Brooksville
34614,Brooksville
34636,Istachatta
34637,Land O Lakes
34638,Land O Lakes
34639,Land O Lakes
34652,New Port Richey
34653,New Port Richey
34654,New Port Richey
34655,New Port Richey
34656,New Port Richey
34660,Ozona
34661,Nobleton
34667,Hudson
34668,Port Richey
34669,Hudson
34673,Port Richey
34674,Hudson
34677,Oldsmar
34679,Aripeka
34680,Elfers
34681,Crystal Beach
34682,Palm Harbor
34683,Palm Harbor
34684,Palm Harbor
34685,Palm Harbor
34688,Tarpon Springs
34689,Tarpon Springs
34690,Holiday
34691,Holiday
34692,Holiday
34695,Safety Harbor
34697,Dunedin
34698,Dunedin
34705,Astatula
34711,Clermont
34712,Clermont
34713,Clermont
34714,Clermont
34715,Clermont
34729,Ferndale
34731,Fruitland Park
34734,Gotha
34736,Groveland
34737,Howey In The Hills
34739,Kenansville
34740,Killarney
34741,Kissimmee
34742,Kissimmee
34743,Kissimmee
34744,Kissimmee
34745,Kissimmee
34746,Kissimmee
34747,Kissimmee
34748,Leesburg
34749,Leesburg
34753,Mascotte
34755,Minneola
34756,Montverde
34758,Kissimmee
34759,Kissimmee
34760,Oakland
34761,Ocoee
34762,Okahumpka
34769,Saint Cloud
34770,Saint Cloud
34771,Saint Cloud
34772,Saint Cloud
34773,Saint Cloud
34777,Winter Garden
34778,Winter Garden
34785,Wildwood
34786,Windermere
34787,Winter Garden
34788,Leesburg
34789,Leesburg
34797,Yalaha
34945,Fort Pierce
34946,Fort Pierce
34947,Fort Pierce
34948,Fort Pierce
34949,Fort Pierce
34950,Fort Pierce
34951,Fort Pierce
34952,Port Saint Lucie
34953,Port Saint Lucie
34954,Fort Pierce
34956,Indiantown
34957,Jensen Beach
34958,Jensen Beach
34972,Okeechobee
34973,Okeechobee
34974,Okeechobee
34979,Fort Pierce
34981,Fort Pierce
34982,Fort Pierce
34983,Port Saint Lucie
34984,Port Saint Lucie
34985,Port Saint Lucie
34986,Port Saint Lucie
34987,Port Saint Lucie
34988,Port Saint Lucie
34990,Palm City
34991,Palm City
34992,Port Salerno
34994,Stuart
34995,Stuart
34996,Stuart
34997,Stuart
35004,Moody
35005,Adamsville
35006,Adger
35007,Alabaster
35010,Alexander City
35011,Alexander City
35013,Allgood
35014,Alpine
35015,Alton
35016,Arab
35019,Baileyton
35020,Bessemer
35021,Bessemer
35022,Bessemer
35023,Bessemer
35031,Blountsville
35032,Bon Air
35033,Bremen
35034,Brent
35035,Brierfield
35036,Brookside
35038,Burnwell
35040,Calera
35041,Cardiff
35042,Centreville
35043,Chelsea
35044,Childersburg
35045,Clanton
35046,Clanton
35048,Clay
35049,Cleveland
35051,Columbiana
35052,Cook Springs
35053,Crane Hill
35054,Cropwell
35055,Cullman
35056,Cullman
35057,Cullman
35058,Cullman
35060,Docena
35061,Dolomite
35062,Dora
35063,Empire
35064,Fairfield
35068,Fultondale
35070,Garden City
35071,Gardendale
35072,Goodwater
35073,Graysville
35074,Green Pond
35077,Hanceville
35078,Harpersville
35079,Hayden
35080,Helena
35082,Hollins
35083,Holly Pond
35085,Jemison
35087,Joppa
35089,Kellyton
35091,Kimberly
35094,Leeds
35096,Lincoln
35097,Locust Fork
35098,Logan
35111,Mc Calla
35112,Margaret
35114,Maylene
35115,Montevallo
35116,Morris
35117,Mount Olive
35118,Mulga
35119,New Castle
35120,Odenville
35121,Oneonta
35123,Palmerdale
35124,Pelham
35125,Pell City
35126,Pinson
35127,Pleasant Grove
35128,Pell City
35130,Quinton
35131,Ragland
35133,Remlap
35135,Riverside
35136,Rockford
35137,Saginaw
35139,Sayre
35142,Shannon
35143,Shelby
35144,Siluria
35146,Springville
35147,Sterrett
35148,Sumiton
35149,Sycamore
35150,Sylacauga
35151,Sylacauga
35160,Talladega
35161,Talladega
35171,Thorsby
35172,Trafford
35173,Trussville
35175,Union Grove
35176,Vandiver
35178,Vincent
35179,Vinemont
35180,Warrior
35181,Watson
35182,Wattsville
35183,Weogufka
35184,West Blocton
35185,Westover
35186,Wilsonville
35187,Wilton
35188,Woodstock
35201,Birmingham
35202,Birmingham
35203,Birmingham
35204,Birmingham
35205,Birmingham
35206,Birmingham
35207,Birmingham
35208,Birmingham
35209,Birmingham
35210,Birmingham
35211,Birmingham
35212,Birmingham
35213,Birmingham
35214,Birmingham
35215,Birmingham
35216,Birmingham
35217,Birmingham
35218,Birmingham
35219,Birmingham
35220,Birmingham
35221,Birmingham
35222,Birmingham
35223,Birmingham
35224,Birmingham
35225,Birmingham
35226,Birmingham
35228,Birmingham
35229,Birmingham
35230,Birmingham
35231,Birmingham
35232,Birmingham
35233,Birmingham
35234,Birmingham
35235,Birmingham
35236,Birmingham
35237,Birmingham
35238,Birmingham
35240,Birmingham
35242,Birmingham
35243,Birmingham
35244,Birmingham
35245,Birmingham
35246,Birmingham
35249,Birmingham
35253,Birmingham
35254,Birmingham
35255,Birmingham
35259,Birmingham
35260,Birmingham
35261,Birmingham
35263,Birmingham
35266,Birmingham
35277,Birmingham
35278,Birmingham
35279,Birmingham
35280,Birmingham
35281,Birmingham
35282,Birmingham
35283,Birmingham
35285,Birmingham
35286,Birmingham
35287,Birmingham
35288,Birmingham
35289,Birmingham
35290,Birmingham
35291,Birmingham
35292,Birmingham
35293,Birmingham
35294,Birmingham
35295,Birmingham
35296,Birmingham
35297,Birmingham
35298,Birmingham
35299,Birmingham
35401,Tuscaloosa
35402,Tuscaloosa
35403,Tuscaloosa
35404,Tuscaloosa
35405,Tuscaloosa
35406,Tuscaloosa
35407,Tuscaloosa
35440,Abernant
35441,Akron
35442,Aliceville
35443,Boligee
35444,Brookwood
35446,Buhl
35447,Carrollton
35448,Clinton
35449,Coaling
35452,Coker
35453,Cottondale
35456,Duncanville
35457,Echola
35458,Elrod
35459,Emelle
35460,Epes
35461,Ethelsville
35462,Eutaw
35463,Fosters
35464,Gainesville
35466,Gordo
35468,Kellerman
35469,Knoxville
35470,Livingston
35471,Mc Shan
35473,Northport
35474,Moundville
35475,Northport
35476,Northport
35477,Panola
35478,Peterson
35480,Ralph
35481,Reform
35482,Samantha
35485,Tuscaloosa
35486,Tuscaloosa
35487,Tuscaloosa
35490,Vance
35491,West Greene
35501,Jasper
35502,Jasper
35503,Jasper
35504,Jasper
35540,Addison
35541,Arley
35542,Bankston
35543,Bear Creek
35544,Beaverton
35545,Belk
35546,Berry
35548,Brilliant
35549,Carbon Hill
35550,Cordova
35551,Delmar
35552,Detroit
35553,Double Springs
35554,Eldridge
35555,Fayette
35559,Glen Allen
35560,Goodsprings
35563,Guin
35564,Hackleburg
35565,Haleyville
35570,Hamilton
35571,Hodges
35572,Houston
35573,Kansas
35574,Kennedy
35575,Lynn
35576,Millport
35577,Natural Bridge
35578,Nauvoo
35579,Oakman
35580,Parrish
35581,Phil Campbell
35582,Red Bay
35584,Sipsey
35585,Spruce Pine
35586,Sulligent
35587,Townley
35592,Vernon
35593,Vina
35594,Winfield
35601,Decatur
35602,Decatur
35603,Decatur
35609,Decatur
35610,Anderson
35611,Athens
35612,Athens
35613,Athens
35614,Athens
35615,Belle Mina
35616,Cherokee
35617,Cloverdale
35618,Courtland
35619,Danville
35620,Elkmont
35621,Eva
35622,Falkville
35630,Florence
35631,Florence
35632,Florence
35633,Florence
35634,Florence
35640,Hartselle
35643,Hillsboro
35645,Killen
35646,Leighton
35647,Lester
35648,Lexington
35649,Mooresville
35650,Moulton
35651,Mount Hope
35652,Rogersville
35653,Russellville
35654,Russellville
35660,Sheffield
35661,Muscle Shoals
35662,Muscle Shoals
35670,Somerville
35671,Tanner
35672,Town Creek
35673,Trinity
35674,Tuscumbia
35677,Waterloo
35699,Decatur
35739,Ardmore
35740,Bridgeport
35741,Brownsboro
35742,Capshaw
35744,Dutton
35745,Estillfork
35746,Fackler
35747,Grant
35748,Gurley
35749,Harvest
35750,Hazel Green
35751,Hollytree
35752,Hollywood
35754,Laceys Spring
35755,Langston
35756,Madison
35757,Madison
35758,Madison
35759,Meridianville
35760,New Hope
35761,New Market
35762,Normal
35763,Owens Cross Roads
35764,Paint Rock
35765,Pisgah
35766,Princeton
35767,Ryland
35768,Scottsboro
35769,Scottsboro
35771,Section
35772,Stevenson
35773,Toney
35774,Trenton
35775,Valhermoso Springs
35776,Woodville
35801,Huntsville
35802,Huntsville
35803,Huntsville
35804,Huntsville
35805,Huntsville
35806,Huntsville
35807,Huntsville
35808,Huntsville
35809,Huntsville
35810,Huntsville
35811,Huntsville
35812,Huntsville
35813,Huntsville
35814,Huntsville
35815,Huntsville
35816,Huntsville
35824,Huntsville
35893,Huntsville
35894,Huntsville
35895,Huntsville
35896,Huntsville
35897,Huntsville
35898,Huntsville
35899,Huntsville
35901,Gadsden
35902,Gadsden
35903,Gadsden
35904,Gadsden
35905,Gadsden
35906,Rainbow City
35907,Gadsden
35950,Albertville
35951,Albertville
35952,Altoona
35953,Ashville
35954,Attalla
35956,Boaz
35957,Boaz
35958,Bryant
35959,Cedar Bluff
35960,Centre
35961,Collinsville
35962,Crossville
35963,Dawson
35964,Douglas
35966,Flat Rock
35967,Fort Payne
35968,Fort Payne
35971,Fyffe
35972,Gallant
35973,Gaylesville
35974,Geraldine
35975,Groveoak
35976,Guntersville
35978,Henagar
35979,Higdon
35980,Horton
35981,Ider
35983,Leesburg
35984,Mentone
35986,Rainsville
35987,Steele
35988,Sylvania
35989,Valley Head
35990,Walnut Grove
36003,Autaugaville
36005,Banks
36006,Billingsley
36008,Booth
36009,Brantley
36010,Brundidge
36013,Cecil
36015,Chapman
36016,Clayton
36017,Clio
36020,Coosada
36022,Deatsville
36023,East Tallassee
36024,Eclectic
36025,Elmore
36026,Equality
36027,Eufaula
36028,Dozier
36029,Fitzpatrick
36030,Forest Home
36031,Fort Davis
36032,Fort Deposit
36033,Georgiana
36034,Glenwood
36035,Goshen
36036,Grady
36037,Greenville
36038,Gantt
36039,Hardaway
36040,Hayneville
36041,Highland Home
36042,Honoraville
36043,Hope Hull
36045,Kent
36046,Lapine
36047,Letohatchee
36048,Louisville
36049,Luverne
36051,Marbury
36052,Mathews
36053,Midway
36054,Millbrook
36057,Mount Meigs
36061,Perote
36062,Petrey
36064,Pike Road
36065,Pine Level
36066,Prattville
36067,Prattville
36068,Prattville
36069,Ramer
36071,Rutledge
36072,Eufaula
36075,Shorter
36078,Tallassee
36079,Troy
36080,Titus
36081,Troy
36082,Troy
36083,Tuskegee
36087,Tuskegee Institute
36088,Tuskegee Institute
36089,Union Springs
36091,Verbena
36092,Wetumpka
36093,Wetumpka
36101,Montgomery
36102,Montgomery
36103,Montgomery
36104,Montgomery
36105,Montgomery
36106,Montgomery
36107,Montgomery
36108,Montgomery
36109,Montgomery
36110,Montgomery
36111,Montgomery
36112,Montgomery
36113,Montgomery
36114,Montgomery
36115,Montgomery
36116,Montgomery
36117,Montgomery
36118,Montgomery
36119,Montgomery
36120,Montgomery
36121,Montgomery
36123,Montgomery
36124,Montgomery
36125,Montgomery
36130,Montgomery
36131,Montgomery
36132,Montgomery
36133,Montgomery
36134,Montgomery
36135,Montgomery
36140,Montgomery
36141,Montgomery
36142,Montgomery
36177,Montgomery
36191,Montgomery
36201,Anniston
36202,Anniston
36203,Oxford
36204,Anniston
36205,Anniston
36206,Anniston
36207,Anniston
36210,Anniston
36250,Alexandria
36251,Ashland
36253,Bynum
36254,Choccolocco
36255,Cragford
36256,Daviston
36257,De Armanville
36258,Delta
36260,Eastaboga
36261,Edwardsville
36262,Fruithurst
36263,Graham
36264,Heflin
36265,Jacksonville
36266,Lineville
36267,Millerville
36268,Munford
36269,Muscadine
36271,Ohatchee
36272,Piedmont
36273,Ranburne
36274,Roanoke
36275,Spring Garden
36276,Wadley
36277,Weaver
36278,Wedowee
36279,Wellington
36280,Woodland
36301,Dothan
36302,Dothan
36303,Dothan
36304,Dothan
36305,Dothan
36310,Abbeville
36311,Ariton
36312,Ashford
36313,Bellwood
36314,Black
36316,Chancellor
36317,Clopton
36318,Coffee Springs
36319,Columbia
36320,Cottonwood
36321,Cowarts
36322,Daleville
36323,Elba
36330,Enterprise
36331,Enterprise
36340,Geneva
36343,Gordon
36344,Hartford
36345,Headland
36346,Jack
36349,Malvern
36350,Midland City
36351,New Brockton
36352,Newton
36353,Newville
36360,Ozark
36361,Ozark
36362,Fort Rucker
36370,Pansey
36371,Pinckard
36373,Shorterville
36374,Skipperville
36375,Slocomb
36376,Webb
36401,Evergreen
36420,Andalusia
36421,Andalusia
36425,Beatrice
36426,Brewton
36427,Brewton
36429,Brooklyn
36432,Castleberry
36435,Coy
36436,Dickinson
36439,Excel
36441,Flomaton
36442,Florala
36444,Franklin
36445,Frisco City
36446,Fulton
36449,Goodway
36451,Grove Hill
36453,Kinston
36454,Lenox
36455,Lockhart
36456,Mc Kenzie
36457,Megargel
36458,Mexia
36460,Monroeville
36461,Monroeville
36462,Monroeville
36467,Opp
36470,Perdue Hill
36471,Peterman
36473,Range
36474,Red Level
36475,Repton
36476,River Falls
36477,Samson
36480,Uriah
36481,Vredenburgh
36482,Whatley
36483,Wing
36501,Jackson
36502,Atmore
36503,Atmore
36504,Atmore
36505,Axis
36507,Bay Minette
36509,Bayou La Batre
36511,Bon Secour
36512,Bucks
36513,Calvert
36515,Carlton
36518,Chatom
36521,Chunchula
36522,Citronelle
36523,Coden
36524,Coffeeville
36525,Creola
36526,Daphne
36527,Spanish Fort
36528,Dauphin Island
36529,Deer Park
36530,Elberta
36532,Fairhope
36533,Fairhope
36535,Foley
36536,Foley
36538,Frankville
36539,Fruitdale
36540,Gainestown
36541,Grand Bay
36542,Gulf Shores
36543,Huxford
36544,Irvington
36545,Jackson
36547,Gulf Shores
36548,Leroy
36549,Lillian
36550,Little River
36551,Loxley
36553,Mc Intosh
36555,Magnolia Springs
36556,Malcolm
36558,Millry
36559,Montrose
36560,Mount Vernon
36561,Orange Beach
36562,Perdido
36564,Point Clear
36567,Robertsdale
36568,Saint Elmo
36569,Saint Stephens
36571,Saraland
36572,Satsuma
36574,Seminole
36575,Semmes
36576,Silverhill
36577,Spanish Fort
36578,Stapleton
36579,Stockton
36580,Summerdale
36581,Sunflower
36582,Theodore
36583,Tibbie
36584,Vinegar Bend
36585,Wagarville
36587,Wilmer
36590,Theodore
36601,Mobile
36602,Mobile
36603,Mobile
36604,Mobile
36605,Mobile
36606,Mobile
36607,Mobile
36608,Mobile
36609,Mobile
36610,Mobile
36611,Mobile
36612,Mobile
36613,Eight Mile
36615,Mobile
36616,Mobile
36617,Mobile
36618,Mobile
36619,Mobile
36621,Mobile
36622,Mobile
36625,Mobile
36628,Mobile
36630,Mobile
36633,Mobile
36640,Mobile
36641,Mobile
36644,Mobile
36652,Mobile
36660,Mobile
36663,Mobile
36670,Mobile
36671,Mobile
36675,Mobile
36685,Mobile
36688,Mobile
36689,Mobile
36690,Mobile
36691,Mobile
36693,Mobile
36695,Mobile
36701,Selma
36702,Selma
36703,Selma
36720,Alberta
36721,Annemanie
36722,Arlington
36723,Boykin
36726,Camden
36727,Campbell
36728,Catherine
36732,Demopolis
36736,Dixons Mills
36738,Faunsdale
36740,Forkland
36741,Furman
36742,Gallion
36744,Greensboro
36745,Jefferson
36748,Linden
36749,Jones
36750,Maplesville
36751,Lower Peach Tree
36752,Lowndesboro
36753,Mc Williams
36754,Magnolia
36756,Marion
36758,Plantersville
36759,Marion Junction
36761,Minter
36762,Morvin
36763,Myrtlewood
36764,Nanafalia
36765,Newbern
36766,Oak Hill
36767,Orrville
36768,Pine Apple
36769,Pine Hill
36773,Safford
36775,Sardis
39832,Cedar Springs
39834,Climax
39836,Coleman
39837,Colquitt
39840,Cuthbert
39841,Damascus
39842,Dawson
39845,Donalsonville
39846,Edison
39851,Fort Gaines
39852,Fowlstown
39854,Georgetown
39859,Iron City
39861,Jakin
39862,Leary
39866,Morgan
39867,Morris
39870,Newton
39877,Parrott
39885,Sasser
39886,Shellman
39897,Whigham
39901,Atlanta
